"sample","Urchin.density"
"output_0045.jpeg",0
"output_0046.jpeg",0
"output_0047.jpeg",0
"output_0048.jpeg",0
"output_0049.jpeg",0.991099357
"output_0050.jpeg",0
"output_0051.jpeg",1.038129177
"output_0052.jpeg",0
"output_0053.jpeg",0
"output_0054.jpeg",0.553922432
"output_0055.jpeg",0.712185984
"output_0056.jpeg",0
"output_0057.jpeg",0
"output_0058.jpeg",0
"output_0059.jpeg",1.058497018
"output_0060.jpeg",0.569202334
"output_0061.jpeg",0.539677131
"output_0062.jpeg",0
"output_0063.jpeg",1.626039946
"output_0064.jpeg",0.457394733
"output_0065.jpeg",0.833678578
"output_0066.jpeg",1.41281864
"output_0067.jpeg",2.428647311
"output_0068.jpeg",2.934963568
"output_0069.jpeg",2.55646035
"output_0070.jpeg",1.278035353
"output_0071.jpeg",2.346992941
"output_0072.jpeg",1.803856691
"output_0073.jpeg",5.714206374
"output_0074.jpeg",3.947197527
"output_0075.jpeg",1.372310417
"output_0076.jpeg",2.616152052
"output_0077.jpeg",4.728350663
"output_0078.jpeg",6.692371943
"output_0079.jpeg",3.839335972
"output_0080.jpeg",2.142315313
"output_0081.jpeg",1.351048634
"output_0082.jpeg",1.552402401
"output_0083.jpeg",1.753669447
"output_0084.jpeg",1.991822088
"output_0085.jpeg",2.033726737
"output_0086.jpeg",1.891215294
"output_0087.jpeg",3.408742098
"output_0088.jpeg",2.194932821
"output_0089.jpeg",4.848822221
"output_0090.jpeg",2.73287506
"output_0091.jpeg",1.735416127
"output_0092.jpeg",17.96085149
"output_0093.jpeg",4.052406409
"output_0094.jpeg",1.471907461
"output_0095.jpeg",1.156459602
"output_0096.jpeg",0
"output_0097.jpeg",0
"output_0098.jpeg",1.155160588
"output_0099.jpeg",1.98128445
"output_0100.jpeg",1.91070051
"output_0101.jpeg",1.51718841
"output_0102.jpeg",0
"output_0103.jpeg",0
"output_0104.jpeg",0
"output_0105.jpeg",0
"output_0106.jpeg",0
"output_0107.jpeg",0
"output_0108.jpeg",0
"output_0109.jpeg",0
"output_0110.jpeg",0
"output_0111.jpeg",0
"output_0112.jpeg",2.982431033
"output_0113.jpeg",0
"output_0114.jpeg",0
"output_0115.jpeg",0
"output_0116.jpeg",0
"output_0117.jpeg",0
"output_0118.jpeg",0
"output_0119.jpeg",0
"output_0120.jpeg",0
"output_0121.jpeg",0
"output_0122.jpeg",0
"output_0123.jpeg",1.46540326
"output_0124.jpeg",1.024489361
"output_0125.jpeg",0
"output_0126.jpeg",0
"output_0127.jpeg",0
"output_0128.jpeg",0
"output_0129.jpeg",0
"output_0130.jpeg",0
"output_0131.jpeg",0
"output_0132.jpeg",0
"output_0133.jpeg",0
"output_0134.jpeg",0.562806455
"output_0135.jpeg",2.119303098
"output_0136.jpeg",1.740650793
"output_0137.jpeg",1.991228118
"output_0138.jpeg",2.364365402
"output_0139.jpeg",1.357152279
"output_0140.jpeg",1.21043478
"output_0141.jpeg",2.814384501
"output_0142.jpeg",5.74242415
"output_0143.jpeg",2.319204605
"output_0144.jpeg",0.508179247
"output_0145.jpeg",2.108644289
"output_0146.jpeg",1.318674843
"output_0147.jpeg",2.001764568
"output_0148.jpeg",1.413265306
"output_0149.jpeg",0.810795057
"output_0150.jpeg",2.217070117
"output_0151.jpeg",1.884353742
"output_0152.jpeg",0.957496569
"output_0153.jpeg",0
"output_0154.jpeg",0
"output_0155.jpeg",0
"output_0156.jpeg",1.120255557
"output_0157.jpeg",0
"output_0158.jpeg",1.152541176
"output_0159.jpeg",2.657617429
"output_0160.jpeg",2.378358565
"output_0161.jpeg",1.53014829
"output_0162.jpeg",0
"output_0163.jpeg",2.460883301
"output_0164.jpeg",2.24079985
"output_0165.jpeg",0
"output_0166.jpeg",0
"output_0167.jpeg",0
"output_0168.jpeg",0
"output_0169.jpeg",1.237672059
"output_0170.jpeg",0.9220567
"output_0171.jpeg",0
"output_0172.jpeg",0
"output_0173.jpeg",3.507032406
"output_0174.jpeg",0
"output_0175.jpeg",0
"output_0176.jpeg",0
"output_0177.jpeg",0
"output_0178.jpeg",0
"output_0179.jpeg",0
"output_0180.jpeg",0
"output_0181.jpeg",0
"output_0182.jpeg",0
"output_0183.jpeg",0
"output_0184.jpeg",0
"output_0185.jpeg",0
"output_0186.jpeg",0
"output_0187.jpeg",0
"output_0188.jpeg",0
"output_0189.jpeg",0
"output_0190.jpeg",0
"output_0191.jpeg",0
"output_0192.jpeg",0
"output_0193.jpeg",0
"output_0194.jpeg",0
"output_0195.jpeg",0
"output_0196.jpeg",0
"output_0197.jpeg",0
"output_0198.jpeg",0
"output_0199.jpeg",0
"output_0200.jpeg",0
"output_0201.jpeg",0
"output_0202.jpeg",0
"output_0203.jpeg",0
"output_0204.jpeg",0
"output_0205.jpeg",0
"output_0206.jpeg",0
"output_0207.jpeg",0
"output_0208.jpeg",0
"output_0209.jpeg",0
"output_0210.jpeg",0
"output_0211.jpeg",0
"output_0212.jpeg",0
"output_0213.jpeg",0
"output_0214.jpeg",0
"output_0215.jpeg",0
"output_0216.jpeg",0
"output_0217.jpeg",0
"output_0218.jpeg",0
"output_0219.jpeg",0
"output_0220.jpeg",0
"output_0221.jpeg",0
"output_0222.jpeg",0
"output_0223.jpeg",0
"output_0224.jpeg",0
"output_0225.jpeg",0
"output_0226.jpeg",0
"output_0227.jpeg",0
"output_0228.jpeg",0
"output_0229.jpeg",0
"output_0230.jpeg",0
"output_0231.jpeg",0
"output_0232.jpeg",0
"output_0233.jpeg",0
"output_0234.jpeg",0
"output_0235.jpeg",0
"output_0236.jpeg",0
"output_0237.jpeg",0
"output_0238.jpeg",0
"output_0239.jpeg",0
"output_0240.jpeg",0
"output_0241.jpeg",0
"output_0242.jpeg",3.539477474
"output_0243.jpeg",1.803761197
"output_0244.jpeg",0
"output_0245.jpeg",2.794336201
"output_0246.jpeg",7.259256008
"output_0247.jpeg",0
"output_0248.jpeg",0
"output_0249.jpeg",0
"output_0250.jpeg",0
"output_0251.jpeg",0
"output_0252.jpeg",0
"output_0253.jpeg",0
"output_0254.jpeg",0
"output_0255.jpeg",0
"output_0256.jpeg",0
"output_0257.jpeg",0
"output_0258.jpeg",0
"output_0259.jpeg",0
"output_0260.jpeg",0
"output_0261.jpeg",0
"output_0262.jpeg",0
"output_0263.jpeg",0
"output_0264.jpeg",0
"output_0265.jpeg",0
"output_0266.jpeg",0
"output_0267.jpeg",0
"output_0268.jpeg",0
"output_0269.jpeg",0
"output_0270.jpeg",0
"output_0271.jpeg",0
"output_0272.jpeg",0
"output_0273.jpeg",0
"output_0274.jpeg",0
"output_0275.jpeg",0
"output_0276.jpeg",0
"output_0277.jpeg",0
"output_0278.jpeg",0
"output_0279.jpeg",0
"output_0280.jpeg",0
"output_0281.jpeg",0
"output_0282.jpeg",0
"output_0283.jpeg",0
"output_0284.jpeg",0
"output_0285.jpeg",0
"output_0286.jpeg",0
"output_0287.jpeg",0
"output_0288.jpeg",0
"output_0289.jpeg",0
"output_0547.jpeg",0
"output_0548.jpeg",0
"output_0549.jpeg",0
"output_0550.jpeg",0
"output_0551.jpeg",0
"output_0552.jpeg",0
"output_0553.jpeg",0
"output_0554.jpeg",0
"output_0555.jpeg",1.768132639
"output_0556.jpeg",0
"output_0557.jpeg",0
"output_0558.jpeg",4.527241613
"output_0559.jpeg",0
"output_0560.jpeg",0
"output_0561.jpeg",0
"output_0562.jpeg",0
"output_0563.jpeg",0
"output_0564.jpeg",0
"output_0565.jpeg",0
"output_0566.jpeg",0
"output_0567.jpeg",0
"output_0568.jpeg",1.091539769
"output_0569.jpeg",2.412264405
"output_0570.jpeg",4.334221258
"output_0571.jpeg",0.450964173
"output_0572.jpeg",0
"output_0573.jpeg",2.213402941
"output_0574.jpeg",1.386651103
"output_0575.jpeg",1.482328681
"output_0576.jpeg",0.550466709
"output_0577.jpeg",1.106557135
"output_0578.jpeg",1.571276421
"output_0579.jpeg",1.112699983
"output_0580.jpeg",1.609537652
"output_0581.jpeg",1.646149425
"output_0582.jpeg",0.942988235
"output_0583.jpeg",0
"output_0584.jpeg",0
"output_0585.jpeg",1.341404922
"output_0586.jpeg",1.640339796
"output_0587.jpeg",1.012847531
"output_0588.jpeg",0
"output_0589.jpeg",1.427116114
"output_0590.jpeg",0
"output_0591.jpeg",0
"output_0592.jpeg",2.556070705
"output_0593.jpeg",0.850046635
"output_0594.jpeg",0.476826657
"output_0595.jpeg",0
"output_0596.jpeg",2.962386018
"output_0597.jpeg",1.314253472
"output_0598.jpeg",11.37725166
"output_0599.jpeg",0
"output_0600.jpeg",0.698288847
"output_0601.jpeg",0
"output_0602.jpeg",0
"output_0603.jpeg",0
"output_0604.jpeg",0
"output_0605.jpeg",0
"output_0606.jpeg",0
"output_0607.jpeg",0
"output_0608.jpeg",0
"output_0609.jpeg",0
"output_0610.jpeg",0
"output_0611.jpeg",0
"output_0612.jpeg",0
"output_0613.jpeg",0
"output_0614.jpeg",0
"output_0615.jpeg",0
"output_0616.jpeg",0
"output_0617.jpeg",0
"output_0618.jpeg",0
"output_0619.jpeg",1.402636197
"output_0620.jpeg",0
"output_0621.jpeg",0
"output_0622.jpeg",0
"output_0623.jpeg",0
"output_0624.jpeg",0
"output_0625.jpeg",0
"output_0626.jpeg",0
"output_0627.jpeg",0
"output_0628.jpeg",0
"output_0629.jpeg",0
"output_0630.jpeg",0
"output_0631.jpeg",0
"output_0632.jpeg",0
"output_0633.jpeg",0
"output_0634.jpeg",0
"output_0635.jpeg",0
"output_0636.jpeg",0
"output_0637.jpeg",0
"output_0638.jpeg",0
"output_0639.jpeg",0
"output_0640.jpeg",0
"output_0641.jpeg",0
"output_0642.jpeg",0
"output_0643.jpeg",0
"output_0644.jpeg",0
"output_0645.jpeg",0
"output_0646.jpeg",0
"output_0647.jpeg",0
"output_0648.jpeg",0
"output_0649.jpeg",0
"output_0650.jpeg",0
"output_0651.jpeg",0
"output_0652.jpeg",0
"output_0653.jpeg",0
"output_0654.jpeg",0
"output_0655.jpeg",0
"output_0656.jpeg",0
"output_0657.jpeg",0
"output_0658.jpeg",0
"output_0659.jpeg",0
"output_0660.jpeg",0
"output_0661.jpeg",0
"output_0662.jpeg",0
"output_0663.jpeg",0
"output_0664.jpeg",0
"output_0692.jpeg",0
"output_0693.jpeg",0
"output_0694.jpeg",0
"output_0695.jpeg",0
"output_0696.jpeg",0
"output_0697.jpeg",0
"output_0698.jpeg",0
"output_0699.jpeg",0
"output_0700.jpeg",0
"output_0701.jpeg",0
"output_0702.jpeg",0
"output_0703.jpeg",0
"output_0704.jpeg",0
"output_0705.jpeg",0
"output_0706.jpeg",0
"output_0707.jpeg",0
"output_0708.jpeg",0
"output_0709.jpeg",0
"output_0710.jpeg",0
"output_0711.jpeg",0
"output_0712.jpeg",0
"output_0713.jpeg",0
"output_0714.jpeg",0
"output_0715.jpeg",0
"output_0716.jpeg",0
"output_0717.jpeg",0
"output_0718.jpeg",0
"output_0719.jpeg",0
"output_0720.jpeg",0
"output_0721.jpeg",0
"output_0722.jpeg",0
"output_0723.jpeg",0
"output_0724.jpeg",0
"output_0725.jpeg",0
"output_0726.jpeg",0
"output_0727.jpeg",0
"output_0728.jpeg",0
"output_0729.jpeg",0
"output_0730.jpeg",2.659495298
"output_0731.jpeg",0
"output_0732.jpeg",1.932584181
"output_0733.jpeg",0
"output_0734.jpeg",0
"output_0735.jpeg",0
"output_0736.jpeg",0
"output_0737.jpeg",0
"output_0738.jpeg",0
"output_0739.jpeg",1.129630869
"output_0740.jpeg",2.896072283
"output_0741.jpeg",0
"output_0742.jpeg",0
"output_0743.jpeg",0
"output_0744.jpeg",0
"output_0745.jpeg",0
"output_0746.jpeg",0
"output_0747.jpeg",0
"output_0748.jpeg",0
"output_0749.jpeg",0
"output_0750.jpeg",0
"output_0751.jpeg",0
"output_0752.jpeg",0
"output_0753.jpeg",0
"output_0754.jpeg",0
"output_0755.jpeg",0
"output_0756.jpeg",0
"output_0757.jpeg",0
"output_0758.jpeg",0
"output_0759.jpeg",0
"output_0760.jpeg",0
"output_0761.jpeg",0
"output_0762.jpeg",0
"output_0763.jpeg",0
"output_0764.jpeg",1.683370019
"output_0765.jpeg",4.147306331
"output_0766.jpeg",7.139629077
"output_0767.jpeg",0.77638496
"output_0768.jpeg",1.071048366
"output_0769.jpeg",0
"output_0770.jpeg",0.631944077
"output_0771.jpeg",0
"output_0772.jpeg",1.953281691
"output_0773.jpeg",0.932434114
"output_0774.jpeg",0
"output_0775.jpeg",0
"output_0776.jpeg",0
"output_0777.jpeg",0
"output_0778.jpeg",0
"output_0779.jpeg",1.827810086
"output_0780.jpeg",0
"output_0781.jpeg",0
"output_0782.jpeg",0
"output_0783.jpeg",0
"output_0784.jpeg",0
"output_0785.jpeg",0
"output_0786.jpeg",1.232171294
"output_0787.jpeg",0
"output_0788.jpeg",0
"output_0789.jpeg",0
"output_0790.jpeg",0
"output_0791.jpeg",0
"output_0792.jpeg",0
"output_0793.jpeg",0
"output_0794.jpeg",0
"output_0795.jpeg",0
"output_0796.jpeg",0
"output_0797.jpeg",3.169461506
"output_0798.jpeg",1.681080261
"output_0799.jpeg",2.630504171
"output_0800.jpeg",0
"output_0801.jpeg",0
"output_0802.jpeg",0
"output_0804.jpeg",1.237672059
"output_0805.jpeg",0
"output_0806.jpeg",0
"output_0807.jpeg",0
"output_0808.jpeg",0
"output_0809.jpeg",0
"output_0810.jpeg",0
"output_0811.jpeg",0
"output_0812.jpeg",0
"output_0813.jpeg",0
"output_0814.jpeg",0
"output_0815.jpeg",0
"output_0816.jpeg",0
"output_0817.jpeg",0
"output_0818.jpeg",0
"output_0994.jpeg",0
"output_0995.jpeg",0
"output_0996.jpeg",0
"output_0997.jpeg",0
"output_0998.jpeg",0
"output_0999.jpeg",0
"output_1000.jpeg",0
"output_1001.jpeg",0
"output_1002.jpeg",0
"output_1003.jpeg",0
"output_1004.jpeg",0
"output_1005.jpeg",0
"output_1006.jpeg",0
"output_1007.jpeg",0
"output_1008.jpeg",0
"output_1009.jpeg",0
"output_1010.jpeg",0
"output_1011.jpeg",0
"output_1012.jpeg",0
"output_1013.jpeg",0
"output_1014.jpeg",0
"output_1015.jpeg",0
"output_1016.jpeg",0
"output_1017.jpeg",0
"output_1018.jpeg",0
"output_1019.jpeg",0
"output_1020.jpeg",0
"output_1021.jpeg",0
"output_1022.jpeg",0
"output_1023.jpeg",0
"output_1024.jpeg",0
"output_1025.jpeg",0
"output_1026.jpeg",0
"output_1027.jpeg",0
"output_1028.jpeg",0
"output_1029.jpeg",0
"output_1030.jpeg",0
"output_1031.jpeg",0.895309001
"output_1032.jpeg",0
"output_1033.jpeg",0
"output_1034.jpeg",0
"output_1035.jpeg",0
"output_1036.jpeg",0
"output_1037.jpeg",0
"output_1038.jpeg",0
"output_1039.jpeg",0
"output_1040.jpeg",0
"output_1041.jpeg",1.588648882
"output_1042.jpeg",0
"output_1043.jpeg",0
"output_1044.jpeg",0
"output_1045.jpeg",0
"output_1046.jpeg",0
"output_1047.jpeg",0
"output_1048.jpeg",0
"output_1049.jpeg",0
"output_1050.jpeg",0
"output_1051.jpeg",2.505814825
"output_1052.jpeg",0
"output_1053.jpeg",1.485901901
"output_1054.jpeg",0
"output_1055.jpeg",0
"output_1056.jpeg",0
"output_1057.jpeg",0
"output_1058.jpeg",0
"output_1059.jpeg",0
"output_1060.jpeg",0
"output_1061.jpeg",0
"output_1062.jpeg",0
"output_1063.jpeg",0
"output_1064.jpeg",0
"output_1065.jpeg",0
"output_1066.jpeg",0
"output_1067.jpeg",0
"output_1068.jpeg",0
"output_1069.jpeg",0
"output_1070.jpeg",0
"output_1071.jpeg",0
"output_1072.jpeg",0
"output_1073.jpeg",0
"output_1074.jpeg",0
"output_1075.jpeg",0
"output_1076.jpeg",0
"output_1077.jpeg",0
"output_1078.jpeg",0
"output_1079.jpeg",0
"output_1080.jpeg",0
"output_1081.jpeg",0
"output_1082.jpeg",0
"output_1083.jpeg",0
"output_1084.jpeg",4.750681255
"output_1085.jpeg",0
"output_1086.jpeg",0
"output_1087.jpeg",0
"output_1088.jpeg",0
"output_1089.jpeg",0
"output_1090.jpeg",0
"output_1091.jpeg",0
"output_1092.jpeg",0
"output_1093.jpeg",0
"output_1094.jpeg",0
"output_1095.jpeg",0
"output_1096.jpeg",0
"output_1097.jpeg",0
"output_1098.jpeg",0
"output_1099.jpeg",0
"output_1100.jpeg",0
"output_1101.jpeg",0
"output_1102.jpeg",0
"output_1103.jpeg",0
"output_1104.jpeg",0
"output_1105.jpeg",0
"output_1106.jpeg",0
"output_1107.jpeg",0
"output_1108.jpeg",0
"output_1109.jpeg",0
"output_1110.jpeg",0
"output_1111.jpeg",0
"output_1112.jpeg",0
"output_1113.jpeg",0
"output_1114.jpeg",0
"output_1115.jpeg",0
"output_1116.jpeg",0
"output_1117.jpeg",0
"output_1118.jpeg",0
"output_1119.jpeg",0
"output_1120.jpeg",0
"output_1121.jpeg",0
"output_1122.jpeg",0
"output_1123.jpeg",0
"output_1124.jpeg",0
"output_1125.jpeg",0
"output_1126.jpeg",0
"output_1127.jpeg",0
"output_1128.jpeg",0
"output_1129.jpeg",0
"output_1130.jpeg",0
"output_1131.jpeg",0
"output_1132.jpeg",0
"output_1133.jpeg",0
"output_1134.jpeg",0
"output_1135.jpeg",0
"output_1136.jpeg",0
"output_1137.jpeg",0
"output_1138.jpeg",0
"output_1139.jpeg",0
"output_1140.jpeg",0
"output_1141.jpeg",0
"output_1142.jpeg",0
"output_1143.jpeg",0
"output_1144.jpeg",0
"output_1145.jpeg",0
"output_1146.jpeg",0
"output_1147.jpeg",0
"output_1148.jpeg",0
"output_1149.jpeg",0
"output_1150.jpeg",0
"output_1151.jpeg",0
"output_1152.jpeg",0
"output_1153.jpeg",0
"output_1154.jpeg",0
"output_1155.jpeg",0
"output_1156.jpeg",0
"output_1157.jpeg",0
"output_1158.jpeg",0
"output_1159.jpeg",0
"output_1160.jpeg",0
"output_1161.jpeg",0
"output_1162.jpeg",0
"output_1163.jpeg",0
"output_1164.jpeg",0
"output_1165.jpeg",0
"output_1166.jpeg",0
"output_1167.jpeg",0
"output_1168.jpeg",0
"output_1169.jpeg",0
"output_1170.jpeg",0
"output_1171.jpeg",0
"output_1172.jpeg",0
"output_1173.jpeg",0
"output_1174.jpeg",0
"output_1175.jpeg",0
"output_1176.jpeg",0
"output_1177.jpeg",0
"output_1178.jpeg",0
"output_1179.jpeg",0
"output_1180.jpeg",0
"output_1181.jpeg",0
"output_1182.jpeg",0
"output_1183.jpeg",0
"output_1184.jpeg",0
"output_1185.jpeg",0
"output_1186.jpeg",0
"output_1187.jpeg",0
"output_1188.jpeg",0
"output_1189.jpeg",0
"output_1190.jpeg",0
"output_1191.jpeg",0
"output_1192.jpeg",0
"output_1193.jpeg",0
"output_1194.jpeg",0
"output_1195.jpeg",0
"output_1196.jpeg",0
"output_1197.jpeg",0
"output_1198.jpeg",0
"output_1199.jpeg",0
"output_1200.jpeg",0
"output_1201.jpeg",0
"output_1202.jpeg",0
"output_1203.jpeg",0
"output_1204.jpeg",0
"output_1205.jpeg",0
"output_1206.jpeg",0
"output_1207.jpeg",0
"output_1208.jpeg",0
"output_1209.jpeg",0
"output_1210.jpeg",0
"output_1211.jpeg",0
"output_1212.jpeg",0
"output_1213.jpeg",0
"output_1214.jpeg",0
"output_1215.jpeg",0
"output_1216.jpeg",0
"output_1217.jpeg",0
"output_1218.jpeg",0
"output_1219.jpeg",0
"output_1220.jpeg",0
"output_1221.jpeg",0
"output_1222.jpeg",0
"output_1223.jpeg",0
"output_1224.jpeg",0
"output_1225.jpeg",0
"output_1226.jpeg",0
"output_1389.jpeg",0
"output_1390.jpeg",0
"output_1391.jpeg",0
"output_1392.jpeg",0
"output_1393.jpeg",0
"output_1394.jpeg",0
"output_1395.jpeg",0
"output_1396.jpeg",0
"output_1397.jpeg",0
"output_1398.jpeg",0
"output_1399.jpeg",0
"output_1400.jpeg",0
"output_1401.jpeg",0
"output_1402.jpeg",0
"output_1403.jpeg",0
"output_1404.jpeg",0
"output_1405.jpeg",0
"output_1406.jpeg",0
"output_1407.jpeg",0
"output_1408.jpeg",0
"output_1409.jpeg",0
"output_1410.jpeg",0
"output_1411.jpeg",0
"output_1412.jpeg",0
"output_1413.jpeg",0
"output_1414.jpeg",0
"output_1415.jpeg",0
"output_1416.jpeg",0
"output_1417.jpeg",0
"output_1418.jpeg",0
"output_1419.jpeg",0
"output_1420.jpeg",0
"output_1421.jpeg",0
"output_1422.jpeg",0
"output_1423.jpeg",0
"output_1424.jpeg",0
"output_1425.jpeg",0
"output_1426.jpeg",0
"output_1427.jpeg",0
"output_1428.jpeg",0
"output_1429.jpeg",0
"output_1430.jpeg",0
"output_1431.jpeg",0
"output_1432.jpeg",0
"output_1433.jpeg",0
"output_1434.jpeg",0
"output_1435.jpeg",0
"output_1436.jpeg",0
"output_1437.jpeg",0
"output_1438.jpeg",0
"output_1439.jpeg",0
"output_1440.jpeg",0
"output_1441.jpeg",0
"output_1442.jpeg",0
"output_1443.jpeg",0
"output_1444.jpeg",0
"output_1445.jpeg",0
"output_1446.jpeg",0
"output_1447.jpeg",0
"output_1448.jpeg",0
"output_1449.jpeg",0
"output_1450.jpeg",0
"output_1451.jpeg",0
"output_1452.jpeg",0
"output_1453.jpeg",0
"output_1454.jpeg",0
"output_1455.jpeg",0
"output_1456.jpeg",0
"output_1457.jpeg",0
"output_1458.jpeg",0
"output_1459.jpeg",0
"output_1460.jpeg",0
"output_1461.jpeg",0
"output_1462.jpeg",0
"output_1463.jpeg",0
"output_1464.jpeg",0
"output_1465.jpeg",0
"output_1466.jpeg",0
"output_1467.jpeg",0
"output_1468.jpeg",0
"output_1469.jpeg",0
"output_1470.jpeg",0
"output_1471.jpeg",0
"output_1472.jpeg",0
"output_1473.jpeg",0
"output_1474.jpeg",0
"output_1475.jpeg",0
"output_1476.jpeg",0
"output_1477.jpeg",0
"output_1478.jpeg",0
"output_1479.jpeg",0
"output_1480.jpeg",0
"output_1481.jpeg",0
"output_1482.jpeg",0
"output_1483.jpeg",0
"output_1484.jpeg",0
"output_1485.jpeg",0
"output_1486.jpeg",0
"output_1487.jpeg",0
"output_1488.jpeg",0
"output_1489.jpeg",0
"output_1490.jpeg",0
"output_1491.jpeg",0
"output_1492.jpeg",0
"output_1493.jpeg",0
"output_1494.jpeg",0
"output_1495.jpeg",0
"output_1496.jpeg",0
"output_1497.jpeg",0
"output_1498.jpeg",0
"output_1499.jpeg",0
"output_1500.jpeg",0
"output_1501.jpeg",0
"output_1502.jpeg",0
"output_1503.jpeg",0
"output_1504.jpeg",0
"output_1505.jpeg",0
"output_1506.jpeg",0
"output_1507.jpeg",0
"output_1508.jpeg",0
"output_1509.jpeg",0
"output_1510.jpeg",0
"output_1511.jpeg",0
"output_1512.jpeg",0
"output_1513.jpeg",0
"output_1514.jpeg",0
"output_1515.jpeg",0
"output_1516.jpeg",0
"output_1517.jpeg",0
"output_1518.jpeg",0
"output_1519.jpeg",0
"output_1520.jpeg",0
"output_1521.jpeg",0
"output_1522.jpeg",0
"output_1523.jpeg",0
"output_1524.jpeg",0
"output_1525.jpeg",0
"output_1526.jpeg",0
"output_1527.jpeg",0
"output_1528.jpeg",0
"output_1529.jpeg",0
"output_1530.jpeg",0
"output_1531.jpeg",0
"output_1532.jpeg",0
"output_1533.jpeg",0
"output_1534.jpeg",0
"output_1535.jpeg",0
"output_1536.jpeg",0
"output_1537.jpeg",0
"output_1538.jpeg",0
"output_1539.jpeg",0
"output_1540.jpeg",0
"output_1541.jpeg",0
"output_1542.jpeg",0
"output_1543.jpeg",0
"output_1544.jpeg",0
"output_1545.jpeg",0
"output_1546.jpeg",0
"output_1547.jpeg",0
"output_1548.jpeg",0
"output_1549.jpeg",0
"output_1550.jpeg",0
"output_1551.jpeg",0
"output_1552.jpeg",0
"output_1553.jpeg",0
"output_1554.jpeg",0
"output_1555.jpeg",0
"output_1556.jpeg",0
"output_1557.jpeg",0
"output_1558.jpeg",0
"output_1559.jpeg",0
"output_1560.jpeg",0
"output_1561.jpeg",0
"output_1562.jpeg",0
"output_1563.jpeg",0
"output_1564.jpeg",0
"output_1565.jpeg",0
"output_1566.jpeg",0
"output_1567.jpeg",0
"output_1568.jpeg",0
"output_1569.jpeg",0
"output_1570.jpeg",0
"output_1571.jpeg",0
"output_1572.jpeg",0
"output_1573.jpeg",0
"output_1574.jpeg",0
"output_1575.jpeg",0
"output_1576.jpeg",0
"output_1577.jpeg",0
"output_1578.jpeg",0
"output_1579.jpeg",0
"output_1580.jpeg",0
"output_1581.jpeg",0
"output_1918.jpeg",0
"output_1919.jpeg",0
"output_1920.jpeg",0
"output_1921.jpeg",0
"output_1922.jpeg",0
"output_1923.jpeg",0
"output_1924.jpeg",0
"output_1925.jpeg",0
"output_1927.jpeg",0
"output_1928.jpeg",0
"output_1929.jpeg",0
"output_1930.jpeg",0
"output_1931.jpeg",0
"output_1932.jpeg",0
"output_1933.jpeg",0
"output_1934.jpeg",0
"output_1935.jpeg",0
"output_1936.jpeg",0
"output_1937.jpeg",0
"output_1938.jpeg",0
"output_1939.jpeg",0
"output_1940.jpeg",0
"output_1941.jpeg",0
"output_1942.jpeg",0
"output_1943.jpeg",0
"output_1944.jpeg",0
"output_1945.jpeg",0
"output_1946.jpeg",0
"output_1947.jpeg",0
"output_1948.jpeg",0
"output_1949.jpeg",0
"output_1950.jpeg",0
"output_1951.jpeg",0
"output_1952.jpeg",0
"output_1953.jpeg",0
"output_1954.jpeg",0
"output_1955.jpeg",0
"output_1956.jpeg",0
"output_1957.jpeg",0
"output_1958.jpeg",0
"output_1959.jpeg",0
"output_1960.jpeg",0
"output_1961.jpeg",0
"output_1962.jpeg",3.718103537
"output_1963.jpeg",0
"output_1964.jpeg",0
"output_1965.jpeg",0
"output_1966.jpeg",0
"output_1967.jpeg",0
"output_1968.jpeg",0
"output_1969.jpeg",0
"output_1970.jpeg",0
"output_1971.jpeg",0
"output_1972.jpeg",0
"output_1973.jpeg",0
"output_1974.jpeg",0
"output_1975.jpeg",0
"output_1976.jpeg",0
"output_1977.jpeg",0
"output_1978.jpeg",0
"output_1979.jpeg",0
"output_1980.jpeg",0
"output_1981.jpeg",0
"output_1982.jpeg",0
"output_1983.jpeg",0
"output_1984.jpeg",0
"output_1985.jpeg",0
"output_1986.jpeg",0
"output_1987.jpeg",0
"output_1988.jpeg",0
"output_1989.jpeg",0
"output_1990.jpeg",0
"output_1991.jpeg",0
"output_1992.jpeg",0
"output_1993.jpeg",0
"output_1994.jpeg",0
"output_1995.jpeg",0
"output_1996.jpeg",0
"output_1997.jpeg",0
"output_1998.jpeg",0
"output_1999.jpeg",0
"output_2000.jpeg",0
"output_2001.jpeg",0
"output_2002.jpeg",0
"output_2003.jpeg",0
"output_2004.jpeg",0
"output_2005.jpeg",0
"output_2006.jpeg",0
"output_2007.jpeg",0
"output_2008.jpeg",0
"output_2009.jpeg",0
"output_2010.jpeg",0
"output_2011.jpeg",0
"output_2012.jpeg",0
"output_2013.jpeg",0
"output_2014.jpeg",0
"output_2015.jpeg",0
"output_2016.jpeg",0
"output_2017.jpeg",0
"output_2018.jpeg",0
"output_2019.jpeg",0
"output_2020.jpeg",0
"output_2021.jpeg",0
"output_2022.jpeg",0
"output_2023.jpeg",0
"output_2024.jpeg",0
"output_2025.jpeg",0
"output_2026.jpeg",0
"output_2027.jpeg",0
"output_2028.jpeg",0
"output_2029.jpeg",0
"output_2030.jpeg",0
"output_2031.jpeg",0
"output_2032.jpeg",0
"output_2033.jpeg",0
"output_2034.jpeg",0
"output_2035.jpeg",0
"output_2036.jpeg",0
"output_2037.jpeg",0
"output_2038.jpeg",0
"output_2039.jpeg",0
"output_2040.jpeg",0
"output_2041.jpeg",0
"output_2042.jpeg",0
"output_2043.jpeg",0
"output_2044.jpeg",0
"output_2045.jpeg",0
"output_2046.jpeg",0
"output_2047.jpeg",0
"output_2048.jpeg",0
"output_2049.jpeg",0
"output_2050.jpeg",0
"output_2051.jpeg",0
"output_2052.jpeg",0
"output_2053.jpeg",0
"output_2054.jpeg",0
"output_2055.jpeg",0
"output_2056.jpeg",0
"output_2057.jpeg",0
"output_2058.jpeg",0
"output_2059.jpeg",0
"output_2060.jpeg",0
"output_2061.jpeg",0
"output_2062.jpeg",0
"output_2063.jpeg",0
"output_2064.jpeg",0
"output_2065.jpeg",0
"output_2066.jpeg",0
"output_2067.jpeg",0
"output_2068.jpeg",0
"output_2069.jpeg",0
"output_2070.jpeg",0
"output_2071.jpeg",0
"output_2072.jpeg",0
"output_2073.jpeg",0
"output_2074.jpeg",0
"output_2075.jpeg",0
"output_2076.jpeg",0
"output_2077.jpeg",0
"output_2078.jpeg",0
"output_2079.jpeg",0
"output_2080.jpeg",0
"output_2081.jpeg",0
"output_2082.jpeg",0
"output_2083.jpeg",0
"output_2084.jpeg",0
"output_2085.jpeg",0
"output_2086.jpeg",0
"output_2087.jpeg",0
"output_2088.jpeg",0
"output_2089.jpeg",0
"output_2090.jpeg",0
"output_2091.jpeg",0
"output_2092.jpeg",0
"output_2093.jpeg",0
"output_2094.jpeg",0
"output_2095.jpeg",0
"output_2096.jpeg",0
"output_2097.jpeg",0
"output_2098.jpeg",0
"output_2099.jpeg",0
"output_2100.jpeg",0
"output_2101.jpeg",0
"output_2102.jpeg",0
"output_2103.jpeg",0
"output_2104.jpeg",2.605802702
"output_2105.jpeg",0
"output_2106.jpeg",0
"output_2107.jpeg",0
"output_2108.jpeg",0
"output_2109.jpeg",0
"output_2110.jpeg",0
"output_2111.jpeg",0
"output_2112.jpeg",0
"output_2113.jpeg",0
"output_2114.jpeg",0
"output_2323.jpeg",0
"output_2324.jpeg",0
"output_2325.jpeg",0
"output_2326.jpeg",0
"output_2327.jpeg",0
"output_2328.jpeg",0
"output_2329.jpeg",0
"output_2330.jpeg",0
"output_2331.jpeg",0
"output_2332.jpeg",0
"output_2333.jpeg",0
"output_2334.jpeg",0
"output_2335.jpeg",0
"output_2336.jpeg",0
"output_2337.jpeg",0
"output_2338.jpeg",0
"output_2339.jpeg",0
"output_2340.jpeg",0
"output_2341.jpeg",0
"output_2342.jpeg",0
"output_2343.jpeg",0
"output_2344.jpeg",0
"output_2345.jpeg",0
"output_2346.jpeg",0
"output_2347.jpeg",0
"output_2348.jpeg",0
"output_2349.jpeg",0
"output_2350.jpeg",0
"output_2351.jpeg",0
"output_2352.jpeg",0
"output_2353.jpeg",0
"output_2354.jpeg",0
"output_2355.jpeg",0
"output_2356.jpeg",0
"output_2357.jpeg",0
"output_2358.jpeg",0
"output_2359.jpeg",0
"output_2360.jpeg",0
"output_2361.jpeg",0
"output_2362.jpeg",0
"output_2363.jpeg",0
"output_2364.jpeg",0
"output_2365.jpeg",0
"output_2366.jpeg",0
"output_2367.jpeg",0
"output_2368.jpeg",0
"output_2369.jpeg",0
"output_2370.jpeg",0
"output_2371.jpeg",0
"output_2372.jpeg",0
"output_2373.jpeg",0
"output_2374.jpeg",0
"output_2375.jpeg",0
"output_2376.jpeg",0
"output_2377.jpeg",0
"output_2378.jpeg",0
"output_2379.jpeg",0
"output_2380.jpeg",0
"output_2381.jpeg",0
"output_2382.jpeg",0
"output_2383.jpeg",0
"output_2384.jpeg",0
"output_2385.jpeg",0
"output_2386.jpeg",0
"output_2387.jpeg",0
"output_2388.jpeg",0
"output_2389.jpeg",0
"output_2390.jpeg",0
"output_2391.jpeg",0
"output_2392.jpeg",0
"output_2393.jpeg",0
"output_2394.jpeg",0
"output_2395.jpeg",0
"output_2396.jpeg",0
"output_2397.jpeg",0
"output_2398.jpeg",0
"output_2399.jpeg",0
"output_2400.jpeg",0
"output_2401.jpeg",0
"output_2402.jpeg",0
"output_2403.jpeg",0
"output_2404.jpeg",0
"output_2405.jpeg",0
"output_2406.jpeg",0
"output_2407.jpeg",0
"output_2408.jpeg",0
"output_2409.jpeg",0
"output_2410.jpeg",0
"output_2411.jpeg",0
"output_2412.jpeg",0
"output_2413.jpeg",0
"output_2414.jpeg",0
"output_2415.jpeg",0
"output_2416.jpeg",0
"output_2417.jpeg",0
"output_2418.jpeg",0
"output_2419.jpeg",0
"output_2420.jpeg",0
"output_2421.jpeg",0
"output_2422.jpeg",0
"output_2423.jpeg",0
"output_2424.jpeg",0
"output_2425.jpeg",0
"output_2426.jpeg",0
"output_2427.jpeg",0
"output_2428.jpeg",0
"output_2429.jpeg",0
"output_2430.jpeg",0
"output_2431.jpeg",0
"output_2432.jpeg",0
"output_2433.jpeg",0
"output_2434.jpeg",0
"output_2435.jpeg",0
"output_2436.jpeg",0
"output_2437.jpeg",0
"output_2438.jpeg",0
"output_2439.jpeg",0
"output_2440.jpeg",0
"output_2441.jpeg",0
"output_2442.jpeg",0
"output_2443.jpeg",0
"output_2444.jpeg",0
"output_2445.jpeg",0
"output_2446.jpeg",0
"output_2447.jpeg",0
"output_2448.jpeg",0
"output_2449.jpeg",0
"output_2450.jpeg",0
"output_2451.jpeg",0
"output_2452.jpeg",0
"output_2453.jpeg",0
"output_2454.jpeg",0
"output_2455.jpeg",0
"output_2456.jpeg",0
"output_2457.jpeg",0
"output_2458.jpeg",0
"output_2459.jpeg",0
"output_2460.jpeg",0
"output_2461.jpeg",0
"output_2462.jpeg",0
"output_2463.jpeg",0
"output_2464.jpeg",0
"output_2465.jpeg",0
"output_2466.jpeg",0
"output_2467.jpeg",0
"output_2468.jpeg",0
"output_2469.jpeg",0
"output_2470.jpeg",0
"output_2471.jpeg",0
"output_2472.jpeg",0
"output_2473.jpeg",0
"output_2474.jpeg",0
"output_2475.jpeg",0
"output_2476.jpeg",0
"output_2477.jpeg",0
"output_2478.jpeg",0
"output_2479.jpeg",0
"output_2480.jpeg",0
"output_2481.jpeg",0
"output_2482.jpeg",0
"output_2483.jpeg",0
"output_2484.jpeg",0
"output_2485.jpeg",0
"output_2486.jpeg",0
"output_2487.jpeg",0
"output_2488.jpeg",0
"output_2489.jpeg",0
"output_2490.jpeg",0
"output_2491.jpeg",0
"output_2492.jpeg",0
"output_2493.jpeg",0
"output_2494.jpeg",0
"output_2495.jpeg",0
"output_2496.jpeg",0
"output_2497.jpeg",0
"output_2498.jpeg",0
"output_2499.jpeg",0
"output_2500.jpeg",0
"output_2501.jpeg",0
"output_2502.jpeg",0
"output_2503.jpeg",0
"output_2504.jpeg",0
"output_2505.jpeg",0
"output_2506.jpeg",0
"output_2507.jpeg",0
"output_2508.jpeg",0
"output_2509.jpeg",0
"output_2510.jpeg",0
"output_2511.jpeg",0
"output_2512.jpeg",0
"output_2513.jpeg",0
"output_2514.jpeg",0
"output_2515.jpeg",0
"output_2516.jpeg",0
"output_2517.jpeg",0
"output_2518.jpeg",0
"output_2519.jpeg",0
"output_2520.jpeg",0
"output_2521.jpeg",0
"output_2522.jpeg",0
"output_2523.jpeg",0
"output_2524.jpeg",0
"output_2525.jpeg",0
"output_2526.jpeg",0
"output_2527.jpeg",0
"output_2528.jpeg",0
"output_2529.jpeg",0
"output_2530.jpeg",0
"output_2531.jpeg",0
"output_2532.jpeg",0
"output_2533.jpeg",0
"output_2534.jpeg",0
"output_2535.jpeg",0
"output_2536.jpeg",0
"output_2537.jpeg",0
"output_2538.jpeg",0
"output_2539.jpeg",0
"output_2540.jpeg",0
"output_2541.jpeg",0
"output_2542.jpeg",0
"output_2543.jpeg",0
"output_2544.jpeg",0
"output_2545.jpeg",0
"output_2546.jpeg",0
"output_2547.jpeg",0
"output_2548.jpeg",0
"output_2549.jpeg",0
"output_2550.jpeg",0
"output_2551.jpeg",0
"output_2552.jpeg",0
"output_2553.jpeg",0
"output_2554.jpeg",0
"output_2555.jpeg",0
"output_2556.jpeg",0
"output_2557.jpeg",0
"output_2558.jpeg",0
"output_2559.jpeg",0
"output_2560.jpeg",0
"output_2561.jpeg",0
"output_2562.jpeg",0
"output_2563.jpeg",0
"output_2564.jpeg",0
"output_2565.jpeg",0
"output_2566.jpeg",0
"output_2567.jpeg",0
"output_2568.jpeg",0
"output_2569.jpeg",0
"output_2570.jpeg",0
"output_2571.jpeg",0
"output_2572.jpeg",0
"output_2573.jpeg",0
"output_2574.jpeg",0
"output_2575.jpeg",0
"output_2576.jpeg",0
"output_2577.jpeg",0
"output_2578.jpeg",0
"output_2579.jpeg",0
"output_2580.jpeg",0
"output_2581.jpeg",0
"output_2582.jpeg",0
"output_2583.jpeg",0
"output_2584.jpeg",0
"output_2585.jpeg",0
"output_2586.jpeg",0
"output_2587.jpeg",0
"output_2588.jpeg",0
"output_2589.jpeg",0
"output_2590.jpeg",0
"output_2591.jpeg",0
"output_2592.jpeg",0
"output_2593.jpeg",0
"output_2594.jpeg",0
"output_2595.jpeg",0
"output_2596.jpeg",0
"output_2597.jpeg",0
"output_2598.jpeg",0
"output_2599.jpeg",0
"output_2600.jpeg",0
"output_2601.jpeg",0
"output_2602.jpeg",0
"output_2603.jpeg",0
"output_2604.jpeg",0
"output_2605.jpeg",0
"output_2606.jpeg",0
"output_2607.jpeg",0
"output_2608.jpeg",0
"output_2609.jpeg",0
"output_2610.jpeg",0
"output_2611.jpeg",0
"output_2612.jpeg",0
"output_2613.jpeg",0
"output_2614.jpeg",0
"output_2615.jpeg",0
"output_2616.jpeg",0
"output_2617.jpeg",0
"output_2618.jpeg",0
"output_2619.jpeg",0
"output_2620.jpeg",0
"output_2621.jpeg",0
"output_2622.jpeg",0
"output_2623.jpeg",0
"output_2624.jpeg",0
"output_2625.jpeg",0
"output_2626.jpeg",0
"output_2627.jpeg",0
"output_2628.jpeg",0
"output_2629.jpeg",0
"output_2630.jpeg",0
"output_2631.jpeg",0
"output_2632.jpeg",0
"output_2633.jpeg",0
"output_2634.jpeg",0
"output_2635.jpeg",0
"output_2636.jpeg",0
"output_2637.jpeg",0
"output_2638.jpeg",0
"output_2639.jpeg",0
"output_2640.jpeg",0
"output_2641.jpeg",0
"output_2642.jpeg",0
"output_2643.jpeg",0
"output_2644.jpeg",0
"output_2645.jpeg",0
"output_2646.jpeg",0
"output_2647.jpeg",0
"output_2648.jpeg",0
"output_2649.jpeg",0
"output_2650.jpeg",0
"output_2873.jpeg",0
"output_2874.jpeg",0
"output_2875.jpeg",0
"output_2876.jpeg",0
"output_2877.jpeg",0
"output_2878.jpeg",0
"output_2879.jpeg",0
"output_2880.jpeg",0
"output_2881.jpeg",0
"output_2882.jpeg",0
"output_2883.jpeg",0
"output_2884.jpeg",0
"output_2885.jpeg",0
"output_2886.jpeg",0
"output_2887.jpeg",0
"output_2888.jpeg",0
"output_2889.jpeg",0
"output_2890.jpeg",0
"output_2891.jpeg",0
"output_2892.jpeg",0
"output_2893.jpeg",0
"output_2894.jpeg",0
"output_2895.jpeg",0
"output_2896.jpeg",0
"output_2897.jpeg",0
"output_2898.jpeg",0
"output_2899.jpeg",0
"output_2900.jpeg",0
"output_2901.jpeg",0
"output_2902.jpeg",0
"output_2903.jpeg",0
"output_2904.jpeg",0
"output_2905.jpeg",0
"output_2906.jpeg",0
"output_2907.jpeg",0
"output_2908.jpeg",0
"output_2909.jpeg",0
"output_2910.jpeg",0
"output_2911.jpeg",0
"output_2912.jpeg",0
"output_2913.jpeg",0
"output_2914.jpeg",0
"output_2915.jpeg",0
"output_2916.jpeg",0
"output_2917.jpeg",0
"output_2918.jpeg",0
"output_2919.jpeg",0
"output_2920.jpeg",0
"output_2921.jpeg",0
"output_2922.jpeg",0
"output_2923.jpeg",0
"output_2924.jpeg",0
"output_2925.jpeg",0
"output_2926.jpeg",0
"output_2927.jpeg",0
"output_2928.jpeg",0
"output_2929.jpeg",0
"output_2930.jpeg",0
"output_2931.jpeg",0
"output_2932.jpeg",0
"output_2933.jpeg",0
"output_2934.jpeg",0
"output_2935.jpeg",0
"output_2936.jpeg",0
"output_2937.jpeg",0
"output_2938.jpeg",0
"output_2939.jpeg",0
"output_2940.jpeg",0
"output_2941.jpeg",0
"output_2942.jpeg",0
"output_2943.jpeg",0
"output_2944.jpeg",0
"output_2945.jpeg",0
"output_2946.jpeg",0
"output_2947.jpeg",0
"output_2948.jpeg",0
"output_2949.jpeg",0
"output_2950.jpeg",0
"output_2951.jpeg",0
"output_2952.jpeg",0
"output_2953.jpeg",0
"output_2954.jpeg",0
"output_2955.jpeg",0
"output_2956.jpeg",0
"output_2957.jpeg",0
"output_2958.jpeg",0
"output_2959.jpeg",0
"output_2960.jpeg",0
"output_2961.jpeg",0
"output_2962.jpeg",0
"output_2963.jpeg",0
"output_2964.jpeg",0
"output_2965.jpeg",0
"output_2966.jpeg",0
"output_2967.jpeg",0
"output_2968.jpeg",0
"output_2969.jpeg",0
"output_2970.jpeg",0
"output_2971.jpeg",0
"output_2972.jpeg",0
"output_2973.jpeg",0
"output_2974.jpeg",0
"output_2975.jpeg",0
"output_2976.jpeg",0
"output_2977.jpeg",0
"output_2978.jpeg",0
"output_2979.jpeg",0
"output_2980.jpeg",0
"output_2981.jpeg",0
"output_2982.jpeg",0
"output_2983.jpeg",0
"output_2984.jpeg",0
"output_2985.jpeg",0
"output_2986.jpeg",0
"output_2987.jpeg",0
"output_2988.jpeg",0
"output_2989.jpeg",0
"output_2990.jpeg",0
"output_2991.jpeg",0
"output_2992.jpeg",0
"output_2993.jpeg",0
"output_2994.jpeg",0
"output_2995.jpeg",0
"output_2996.jpeg",0
"output_2997.jpeg",0
"output_2998.jpeg",0
"output_2999.jpeg",0
"output_3000.jpeg",0
"output_3001.jpeg",0
"output_3002.jpeg",0
"output_3003.jpeg",0
"output_3004.jpeg",0
"output_3005.jpeg",0
"output_3006.jpeg",0
"output_3007.jpeg",0
"output_3008.jpeg",0
"output_3009.jpeg",0
"output_3010.jpeg",0
"output_3011.jpeg",0
"output_3012.jpeg",0
"output_3013.jpeg",0
"output_3014.jpeg",0
"output_3015.jpeg",0
"output_3016.jpeg",0
"output_3017.jpeg",0
"output_3018.jpeg",0
"output_3019.jpeg",0
"output_3020.jpeg",0
"output_3021.jpeg",0
"output_3022.jpeg",0
"output_3023.jpeg",0
"output_3024.jpeg",0
"output_3025.jpeg",0
"output_3026.jpeg",0
"output_3027.jpeg",0
"output_3028.jpeg",0
"output_3029.jpeg",0
"output_3030.jpeg",0
"output_3031.jpeg",0
"output_3032.jpeg",0
"output_3033.jpeg",0
"output_3034.jpeg",0
"output_3035.jpeg",0
"output_3036.jpeg",0
"output_3037.jpeg",0
"output_3038.jpeg",0
"output_3039.jpeg",0
"output_3040.jpeg",0
"output_3041.jpeg",0
"output_3042.jpeg",0
"output_3043.jpeg",0
"output_3044.jpeg",0
"output_3045.jpeg",0
"output_3046.jpeg",0
"output_3047.jpeg",0
"output_3048.jpeg",0
"output_3049.jpeg",0
"output_3050.jpeg",0
"output_3051.jpeg",0
"output_3052.jpeg",0
"output_3053.jpeg",0
"output_3054.jpeg",0
"output_3055.jpeg",0
"output_3056.jpeg",0
"output_3057.jpeg",0
"output_3058.jpeg",0
"output_3059.jpeg",0
"output_3060.jpeg",0
"output_3061.jpeg",0
"output_3062.jpeg",0
"output_3063.jpeg",0
"output_3064.jpeg",0
"output_3065.jpeg",0
"output_3066.jpeg",0
"output_3067.jpeg",0
"output_3068.jpeg",0
"output_3069.jpeg",0
"output_3070.jpeg",0
"output_3071.jpeg",0
"output_3072.jpeg",0
"output_3073.jpeg",0
"output_3074.jpeg",0
"output_3075.jpeg",0
"output_3076.jpeg",0
"output_3077.jpeg",0
"output_3078.jpeg",0
"output_3079.jpeg",0
"output_3080.jpeg",0
"output_3081.jpeg",0
"output_3082.jpeg",0
"output_3083.jpeg",0
"output_3084.jpeg",0
"output_3085.jpeg",0
"output_3086.jpeg",0
"output_3087.jpeg",0
"output_3088.jpeg",0
"output_3089.jpeg",0
"output_3090.jpeg",0
"output_3091.jpeg",0
"output_3092.jpeg",0
"output_3093.jpeg",0
"output_3094.jpeg",0
"output_3095.jpeg",0
"output_3096.jpeg",0
"output_3097.jpeg",0
"output_3098.jpeg",0
"output_3099.jpeg",0
"output_3100.jpeg",0
"output_3101.jpeg",0
"output_3102.jpeg",0
"output_3103.jpeg",0
"output_3104.jpeg",0
"output_3105.jpeg",0
"output_3106.jpeg",0
"output_3107.jpeg",0
"output_3108.jpeg",0
"output_3109.jpeg",0
"output_3110.jpeg",0
"output_3111.jpeg",0
"output_3112.jpeg",0
"output_3113.jpeg",0
"output_3114.jpeg",0
"output_3115.jpeg",0
"output_3116.jpeg",0
"output_3117.jpeg",0
"output_3118.jpeg",0
"output_3119.jpeg",0
"output_3120.jpeg",0
"output_3121.jpeg",0
"output_3122.jpeg",0
"output_3123.jpeg",0
"output_3124.jpeg",0
"output_3125.jpeg",0
"output_3126.jpeg",0
"output_3127.jpeg",0
"output_3128.jpeg",0
"output_3129.jpeg",0
"output_3130.jpeg",0
"output_3131.jpeg",0
"output_3132.jpeg",0
"output_3133.jpeg",0
"output_3134.jpeg",0
"output_3135.jpeg",0
"output_3136.jpeg",0
"output_3137.jpeg",0
"output_3138.jpeg",0
"output_3139.jpeg",0
"output_3140.jpeg",0
"output_3141.jpeg",0
"output_3142.jpeg",0
"output_3143.jpeg",0
"output_3144.jpeg",0
"output_3145.jpeg",0
"output_3146.jpeg",0
"output_3147.jpeg",0
"output_3148.jpeg",0
"output_3149.jpeg",0
"output_3150.jpeg",0
"output_3151.jpeg",0
"output_3152.jpeg",0
"output_3153.jpeg",0
"output_3154.jpeg",0
"output_3155.jpeg",0
"output_3156.jpeg",0
"output_3157.jpeg",0
"output_3158.jpeg",0
"output_3159.jpeg",0
"output_3160.jpeg",0
"output_3161.jpeg",0
"output_3162.jpeg",0
"output_3163.jpeg",0
"output_3164.jpeg",0
"output_3165.jpeg",0
"output_3166.jpeg",0
"output_3167.jpeg",0
"output_3168.jpeg",0
"output_3169.jpeg",0
"output_3170.jpeg",0
"output_3171.jpeg",0
"output_3172.jpeg",0
"output_3173.jpeg",0
"output_3174.jpeg",0
"output_3175.jpeg",0
"output_3176.jpeg",0
"output_3177.jpeg",0
"output_3178.jpeg",0
"output_3179.jpeg",0
"output_3180.jpeg",0
"output_3181.jpeg",0
"output_3182.jpeg",0
"output_3183.jpeg",0
"output_3184.jpeg",0
"output_3185.jpeg",0
"output_3186.jpeg",0
"output_3187.jpeg",0
"output_3188.jpeg",0
"output_3189.jpeg",0
"output_3190.jpeg",0
"output_3191.jpeg",0
"output_3192.jpeg",0
"output_3193.jpeg",0
"output_3194.jpeg",0
"output_3195.jpeg",0
"output_3196.jpeg",0
"output_3197.jpeg",0
"output_3198.jpeg",0
"output_3199.jpeg",0
"output_3200.jpeg",0
"output_3201.jpeg",0
"output_3202.jpeg",0
"output_3203.jpeg",0
"output_3204.jpeg",0
"output_3205.jpeg",0
"output_3206.jpeg",0
"output_3207.jpeg",0
"output_3208.jpeg",0
"output_3209.jpeg",0
"output_3210.jpeg",0
"output_3211.jpeg",0
"output_3212.jpeg",0
"output_3213.jpeg",0
"output_3214.jpeg",0
"output_3215.jpeg",0
"output_3216.jpeg",0
"output_3217.jpeg",0
"output_3218.jpeg",0
"output_3219.jpeg",0
"output_3220.jpeg",0
"output_3221.jpeg",0
"output_3222.jpeg",0
"output_3223.jpeg",0
"output_3224.jpeg",0
"output_3225.jpeg",0
"output_3226.jpeg",0
"output_3227.jpeg",0
"output_3228.jpeg",0
"output_3229.jpeg",0
"output_3230.jpeg",0
"output_3231.jpeg",0
"output_3232.jpeg",0
"output_3233.jpeg",0
"output_3234.jpeg",0
"output_3235.jpeg",0
"output_3236.jpeg",0
"output_3237.jpeg",0
"output_3238.jpeg",0
"output_3239.jpeg",0
"output_3240.jpeg",0
"output_3241.jpeg",0
"output_3242.jpeg",0
"output_3243.jpeg",0
"output_3244.jpeg",0
"output_3245.jpeg",0
"output_3246.jpeg",0
"output_3247.jpeg",0
"output_3248.jpeg",0
"output_3249.jpeg",0
"output_3250.jpeg",0
"output_3251.jpeg",0
"output_3252.jpeg",0
"output_3253.jpeg",0
"output_3254.jpeg",0
"output_3255.jpeg",0
"output_3256.jpeg",0
"output_3257.jpeg",0
"output_3258.jpeg",0
"output_3259.jpeg",0
"output_3260.jpeg",0
"output_3261.jpeg",0
"output_3262.jpeg",0
"output_3263.jpeg",0
"output_3264.jpeg",0
"output_3265.jpeg",0
"output_3266.jpeg",0
"output_3267.jpeg",0
"output_3268.jpeg",0
"output_3269.jpeg",0
"output_3270.jpeg",0
"output_3271.jpeg",0
"output_3272.jpeg",0
"output_3273.jpeg",0
"output_3274.jpeg",0
"output_3275.jpeg",0
"output_3276.jpeg",0
"output_3277.jpeg",0
"output_3278.jpeg",0
"output_3279.jpeg",0
"output_3280.jpeg",0
"output_3281.jpeg",0
"output_3282.jpeg",0
"output_3283.jpeg",0
"output_3284.jpeg",0
"output_3285.jpeg",0
"output_3286.jpeg",0
"output_3287.jpeg",0
"output_3288.jpeg",0
"output_3289.jpeg",0
"output_3290.jpeg",0
"output_3291.jpeg",0
"output_3292.jpeg",0
"output_3293.jpeg",0
"output_3294.jpeg",0
"output_3295.jpeg",0
"output_3296.jpeg",0
"output_3297.jpeg",0
"output_3298.jpeg",0
"output_3299.jpeg",0
"output_3300.jpeg",0
"output_3301.jpeg",0
"output_3302.jpeg",0
"output_3303.jpeg",0
"output_3304.jpeg",0
"output_3305.jpeg",0
"output_3306.jpeg",0
"output_3307.jpeg",0
"output_3308.jpeg",0
"output_3309.jpeg",0
"output_3310.jpeg",0
"output_3311.jpeg",0
"output_3312.jpeg",0
"output_3313.jpeg",0
"output_3314.jpeg",0
"output_3315.jpeg",0
"output_3316.jpeg",0
"output_3317.jpeg",0
"output_3318.jpeg",0
"output_3319.jpeg",0
"output_3320.jpeg",0
"output_3321.jpeg",0
"output_3322.jpeg",0
"output_3323.jpeg",0
"output_3324.jpeg",0
"output_3325.jpeg",0
"output_3326.jpeg",0
"output_3327.jpeg",0
"output_3328.jpeg",0
"output_3329.jpeg",0
"output_3330.jpeg",0
"output_3331.jpeg",0
"output_3332.jpeg",0
"output_3333.jpeg",0
"output_3334.jpeg",0
"output_3335.jpeg",0
"output_3336.jpeg",0
"output_3337.jpeg",0
"output_3338.jpeg",0
"output_3339.jpeg",0
"output_3340.jpeg",0
"output_3341.jpeg",0
"output_3342.jpeg",0
"output_3343.jpeg",0
"output_3344.jpeg",0
"output_3345.jpeg",0
"output_3346.jpeg",0
"output_3347.jpeg",0
"output_3348.jpeg",0
"output_3349.jpeg",0
"output_3350.jpeg",0
"output_3351.jpeg",0
"output_3352.jpeg",0
"output_3353.jpeg",0
"output_3354.jpeg",0
"output_3355.jpeg",0
"output_3356.jpeg",0
"output_3357.jpeg",0
"output_3358.jpeg",0
"output_3359.jpeg",0
"output_3360.jpeg",0
"output_3361.jpeg",0
"output_3362.jpeg",0
"output_3363.jpeg",0
"output_3364.jpeg",0
"output_3365.jpeg",0
"output_3366.jpeg",0
"output_3367.jpeg",0
"output_3368.jpeg",0
"output_3369.jpeg",0
"output_3370.jpeg",0
"output_3371.jpeg",0
"output_3372.jpeg",0
"output_3373.jpeg",0
"output_3374.jpeg",0
"output_3375.jpeg",0
"output_3376.jpeg",0
"output_3377.jpeg",0
"output_3378.jpeg",0
"output_3379.jpeg",0
"output_3380.jpeg",0
"output_3381.jpeg",0
"output_3382.jpeg",0
"output_3383.jpeg",0
"output_3384.jpeg",0
"output_3385.jpeg",0
"output_3386.jpeg",0
"output_3387.jpeg",0
"output_3388.jpeg",0
"output_3389.jpeg",0
"output_3390.jpeg",0
"output_3391.jpeg",0
"output_3392.jpeg",0
"output_3393.jpeg",0
"output_3394.jpeg",0
"output_3395.jpeg",0
"output_3396.jpeg",0
"output_3397.jpeg",0
"output_3398.jpeg",0
"output_3399.jpeg",0
"output_3400.jpeg",0
"output_3401.jpeg",0
"output_3402.jpeg",0
"output_3403.jpeg",0
"output_3404.jpeg",0
"output_3405.jpeg",0
"output_3406.jpeg",0
"output_3407.jpeg",0
